#node1	node2	node1_string_id	node2_string_id	neighborhood_on_chromosome	gene_fusion	phylogenetic_cooccurrence	homology	coexpression	experimentally_determined_interaction	database_annotated	automated_textmining	combined_score
ACCS	ALDH5A1	9606.ENSP00000263776	9606.ENSP00000314649	0	0	0	0	0.111	0.071	0	0.400	0.461
ACKR1	SERPIND1	9606.ENSP00000357103	9606.ENSP00000215727	0	0	0	0	0	0	0	0.451	0.451
ACKR1	HS3ST2	9606.ENSP00000357103	9606.ENSP00000261374	0	0	0	0	0.074	0	0	0.466	0.484
ACKR1	PF4	9606.ENSP00000357103	9606.ENSP00000296029	0	0	0	0	0.050	0	0	0.617	0.620
ACKR1	KEL	9606.ENSP00000357103	9606.ENSP00000347409	0	0	0	0	0.149	0	0	0.439	0.502
ACKR1	TRAF6	9606.ENSP00000357103	9606.ENSP00000433623	0	0	0	0	0	0	0	0.469	0.469
ACKR1	TNFSF13B	9606.ENSP00000357103	9606.ENSP00000365048	0	0	0	0	0.056	0	0	0.465	0.473
ACSM3	ALDH5A1	9606.ENSP00000289416	9606.ENSP00000314649	0.041	0	0	0	0.221	0.051	0.216	0.306	0.544
ADORA2A	HSPB3	9606.ENSP00000480012	9606.ENSP00000303394	0	0	0	0	0	0	0	0.412	0.412
ADORA2A	ADRB2	9606.ENSP00000480012	9606.ENSP00000305372	0	0	0	0.674	0.042	0	0	0.514	0.514
ADORA2A	CNR2	9606.ENSP00000480012	9606.ENSP00000363596	0	0	0	0.619	0.058	0.059	0	0.421	0.442
ADORA2A	SAG	9606.ENSP00000480012	9606.ENSP00000386444	0	0	0	0	0.041	0.108	0	0.520	0.553
ADRA1B	SAG	9606.ENSP00000306662	9606.ENSP00000386444	0	0	0	0	0.086	0.108	0	0.365	0.437
ADRA1B	JAK2	9606.ENSP00000306662	9606.ENSP00000371067	0	0	0	0	0	0.053	0	0.453	0.459
ADRB2	MYH9	9606.ENSP00000305372	9606.ENSP00000216181	0	0	0	0	0.048	0	0	0.403	0.407
ADRB2	ARHGEF6	9606.ENSP00000305372	9606.ENSP00000250617	0	0	0	0	0.054	0	0	0.429	0.436
ADRB2	ARRDC3	9606.ENSP00000305372	9606.ENSP00000265138	0	0	0	0	0.047	0.822	0	0.645	0.934
ADRB2	SAG	9606.ENSP00000305372	9606.ENSP00000386444	0	0	0	0	0.041	0.108	0	0.984	0.985
AGPAT1	DGKD	9606.ENSP00000378877	9606.ENSP00000264057	0	0	0	0	0.047	0	0.650	0.142	0.689
AGPAT1	MGLL	9606.ENSP00000378877	9606.ENSP00000265052	0.058	0	0	0	0.080	0.122	0	0.335	0.427
AGPAT1	SCD5	9606.ENSP00000378877	9606.ENSP00000316329	0.046	0	0	0	0	0	0.253	0.274	0.437
AGPAT1	PIGA	9606.ENSP00000378877	9606.ENSP00000369820	0	0.609	0	0	0.046	0	0.107	0.102	0.661
AGPAT1	TAZ	9606.ENSP00000378877	9606.ENSP00000469981	0	0	0	0	0.090	0	0	0.389	0.420
AGPAT1	GPAT2	9606.ENSP00000378877	9606.ENSP00000389395	0.056	0	0	0	0.103	0	0.714	0.609	0.892
ALDH5A1	IDH3G	9606.ENSP00000314649	9606.ENSP00000217901	0.053	0	0	0	0.058	0.094	0.800	0.185	0.844
ALDH5A1	VAT1L	9606.ENSP00000314649	9606.ENSP00000303129	0	0	0	0	0.085	0.126	0.185	0.235	0.435
ALDH5A1	SLC6A12	9606.ENSP00000314649	9606.ENSP00000399136	0	0	0	0	0.054	0	0	0.404	0.412
ALDH5A1	ETFDH	9606.ENSP00000314649	9606.ENSP00000426638	0	0	0	0	0.122	0	0.172	0.291	0.440
ALDH5A1	TUBB	9606.ENSP00000314649	9606.ENSP00000339001	0	0	0	0	0.055	0.045	0	0.474	0.484
ALOX15	PRSS33	9606.ENSP00000293761	9606.ENSP00000293851	0	0	0	0	0.251	0.051	0	0.356	0.502
ALOX15	GPX4	9606.ENSP00000293761	9606.ENSP00000346103	0	0	0	0	0	0.045	0	0.665	0.666
ALOX15	PLA2G6	9606.ENSP00000293761	9606.ENSP00000333142	0	0	0	0	0.083	0	0.650	0.389	0.786
ALS2CL	ZNF480	9606.ENSP00000313670	9606.ENSP00000471754	0	0	0	0	0	0.095	0	0.368	0.403
ALS2CL	MINK1	9606.ENSP00000313670	9606.ENSP00000347427	0	0	0	0	0.082	0	0	0.405	0.430
ANKLE1	BABAM1	9606.ENSP00000377971	9606.ENSP00000352408	0	0	0	0	0.049	0.063	0	0.621	0.633
ANKLE1	EMD	9606.ENSP00000377971	9606.ENSP00000358857	0	0	0	0	0	0	0	0.528	0.528
APMAP	RPL12	9606.ENSP00000217456	9606.ENSP00000354739	0	0	0	0	0.387	0	0	0.065	0.402
APMAP	TREX1	9606.ENSP00000217456	9606.ENSP00000486676	0	0	0	0	0.087	0	0.284	0.160	0.403
APMAP	HMGN4	9606.ENSP00000217456	9606.ENSP00000366798	0	0	0	0	0.392	0	0	0.065	0.407
APMAP	KARS1	9606.ENSP00000217456	9606.ENSP00000325448	0	0	0	0	0.294	0.067	0	0.302	0.500
APMAP	RPL4	9606.ENSP00000217456	9606.ENSP00000311430	0	0	0	0	0.634	0	0	0.095	0.654
APMAP	RPLP0	9606.ENSP00000217456	9606.ENSP00000449328	0.042	0	0	0	0.669	0	0	0	0.669
APMAP	EEF2	9606.ENSP00000217456	9606.ENSP00000307940	0.042	0	0	0	0.602	0	0	0.207	0.671
APOM	SERPIND1	9606.ENSP00000365081	9606.ENSP00000215727	0	0	0	0	0.301	0	0	0.289	0.481
APOM	HP	9606.ENSP00000365081	9606.ENSP00000348170	0	0	0	0	0.144	0	0	0.466	0.524
APOM	LSR	9606.ENSP00000365081	9606.ENSP00000480821	0	0	0	0	0	0	0.540	0	0.540
ARG2	DHPS	9606.ENSP00000261783	9606.ENSP00000210060	0.115	0	0	0	0.044	0	0	0.439	0.484
ARG2	PAOX	9606.ENSP00000261783	9606.ENSP00000278060	0	0	0	0	0	0	0	0.480	0.480
ARHGEF6	GPR101	9606.ENSP00000250617	9606.ENSP00000498972	0	0	0	0	0.083	0	0	0.447	0.471
ARHGEF6	PARVG	9606.ENSP00000250617	9606.ENSP00000391583	0	0	0	0	0.240	0.076	0	0.730	0.793
ARHGEF6	OPHN1	9606.ENSP00000250617	9606.ENSP00000347710	0	0	0	0	0.084	0	0	0.842	0.849
ARHGEF6	ILK	9606.ENSP00000250617	9606.ENSP00000379975	0	0	0	0	0.044	0	0	0.862	0.862
ARHGEF6	PARVB	9606.ENSP00000250617	9606.ENSP00000384515	0	0	0	0	0.086	0.091	0.900	0.993	0.999
ARID4A	KAT5	9606.ENSP00000347602	9606.ENSP00000340330	0	0	0	0	0.055	0.301	0	0.250	0.461
ARID4A	H2AC18	9606.ENSP00000347602	9606.ENSP00000358155	0	0	0	0	0.044	0.184	0.400	0.069	0.505
ARID4A	CHD4	9606.ENSP00000347602	9606.ENSP00000440542	0	0	0	0	0.049	0.141	0.500	0.296	0.674
ARID4A	CXXC1	9606.ENSP00000347602	9606.ENSP00000390475	0	0	0	0	0	0.301	0	0.569	0.686
ARRDC3	SAG	9606.ENSP00000265138	9606.ENSP00000386444	0	0	0	0	0	0	0	0.701	0.701
ATAD5	EVI2A	9606.ENSP00000313171	9606.ENSP00000247270	0	0	0	0	0	0	0	0.562	0.562
ATAD5	BARD1	9606.ENSP00000313171	9606.ENSP00000260947	0	0	0	0	0.146	0	0	0.353	0.424
ATAD5	CDC7	9606.ENSP00000313171	9606.ENSP00000393139	0	0	0	0	0.191	0.072	0	0.308	0.435
ATAD5	CHD4	9606.ENSP00000313171	9606.ENSP00000440542	0	0	0	0	0.123	0.104	0	0.393	0.482
ATAD5	CDCA7L	9606.ENSP00000313171	9606.ENSP00000383986	0	0	0	0	0.125	0.408	0	0.161	0.527
ATF3	HOMER2	9606.ENSP00000344352	9606.ENSP00000305632	0	0	0	0	0	0	0	0.494	0.493
ATF3	KAT5	9606.ENSP00000344352	9606.ENSP00000340330	0	0	0	0	0.042	0.328	0	0.189	0.433
ATP5F1B	IDH3G	9606.ENSP00000262030	9606.ENSP00000217901	0.041	0	0	0	0.126	0.097	0.500	0.252	0.666
ATP5F1B	HMGN4	9606.ENSP00000262030	9606.ENSP00000366798	0	0	0	0	0.341	0.071	0	0.123	0.416
ATP5F1B	TAZ	9606.ENSP00000262030	9606.ENSP00000469981	0	0	0	0	0	0	0.500	0	0.499
ATP5F1B	RPL12	9606.ENSP00000262030	9606.ENSP00000354739	0	0	0	0	0.349	0.091	0	0.255	0.521
ATP5F1B	SIRT3	9606.ENSP00000262030	9606.ENSP00000372191	0	0	0	0	0.108	0.131	0	0.434	0.524
ATP5F1B	ETFA	9606.ENSP00000262030	9606.ENSP00000452762	0.053	0	0	0	0.278	0	0	0.361	0.525
ATP5F1B	TUBB	9606.ENSP00000262030	9606.ENSP00000339001	0	0	0	0	0.171	0.199	0	0.345	0.528
ATP5F1B	TPT1	9606.ENSP00000262030	9606.ENSP00000477781	0	0	0	0	0.309	0.328	0	0.124	0.558
ATP5F1B	PRDX5	9606.ENSP00000262030	9606.ENSP00000265462	0	0	0	0	0.357	0	0	0.343	0.560
ATP5F1B	CMC4	9606.ENSP00000262030	9606.ENSP00000358496	0	0	0	0	0	0.156	0.500	0.044	0.561
ATP5F1B	EEF1G	9606.ENSP00000262030	9606.ENSP00000331901	0	0	0	0	0.388	0.091	0	0.282	0.566
ATP5F1B	NDUFB3	9606.ENSP00000262030	9606.ENSP00000407336	0	0	0	0	0.158	0	0	0.528	0.585
ATP5F1B	MRPL12	9606.ENSP00000262030	9606.ENSP00000333837	0	0	0	0	0.413	0	0	0.379	0.620
ATP5F1B	RPL4	9606.ENSP00000262030	9606.ENSP00000311430	0	0	0	0	0.432	0.245	0	0.210	0.632
ATP5F1B	RPLP0	9606.ENSP00000262030	9606.ENSP00000449328	0	0	0	0	0.472	0.091	0	0.314	0.642
ATP5F1B	COX6B1	9606.ENSP00000262030	9606.ENSP00000466818	0	0	0	0	0.336	0.088	0	0.488	0.663
ATP5F1B	PMPCA	9606.ENSP00000262030	9606.ENSP00000360782	0	0	0	0	0.201	0.099	0.400	0.321	0.667
ATP5F1B	EEF2	9606.ENSP00000262030	9606.ENSP00000307940	0	0	0	0	0.457	0.204	0	0.343	0.691
ATP5F1B	LHPP	9606.ENSP00000262030	9606.ENSP00000357835	0	0	0	0	0.067	0	0.650	0.205	0.718
ATXN7L2	HTT	9606.ENSP00000358886	9606.ENSP00000347184	0	0	0	0	0.042	0	0	0.712	0.713
BABAM1	DHPS	9606.ENSP00000352408	9606.ENSP00000210060	0	0	0	0	0.496	0	0	0	0.496
BABAM1	BARD1	9606.ENSP00000352408	9606.ENSP00000260947	0	0	0	0	0	0.063	0.900	0.986	0.998
BABAM1	KAT5	9606.ENSP00000352408	9606.ENSP00000340330	0	0	0	0	0.049	0	0.500	0.103	0.536
BABAM1	BABAM2	9606.ENSP00000352408	9606.ENSP00000343412	0	0	0	0	0.067	0.999	0.900	0.998	0.999
BABAM1	H2AC18	9606.ENSP00000352408	9606.ENSP00000358155	0	0	0	0	0.047	0	0.500	0.376	0.676
BABAM2	BARD1	9606.ENSP00000343412	9606.ENSP00000260947	0	0	0	0	0.064	0.334	0.900	0.995	0.999
BABAM2	RUVBL1	9606.ENSP00000343412	9606.ENSP00000318297	0	0	0	0	0.074	0.066	0	0.394	0.430
BABAM2	KAT5	9606.ENSP00000343412	9606.ENSP00000340330	0	0	0	0	0.042	0.125	0.500	0.113	0.578
BABAM2	H2AC18	9606.ENSP00000343412	9606.ENSP00000358155	0	0	0	0	0.042	0.087	0.500	0.311	0.658
BABAM2	RING1	9606.ENSP00000343412	9606.ENSP00000363787	0	0	0	0	0.048	0.061	0.900	0.048	0.903
BARD1	XRCC1	9606.ENSP00000260947	9606.ENSP00000262887	0	0	0	0	0.049	0	0	0.446	0.450
BARD1	KAT5	9606.ENSP00000260947	9606.ENSP00000340330	0	0	0	0	0.053	0.046	0.500	0.299	0.640
BARD1	RMI1	9606.ENSP00000260947	9606.ENSP00000317039	0	0	0	0	0.127	0.045	0.500	0.290	0.664
BARD1	H2AC18	9606.ENSP00000260947	9606.ENSP00000358155	0	0	0	0	0	0.075	0.500	0.491	0.744
BARD1	RING1	9606.ENSP00000260947	9606.ENSP00000363787	0	0	0	0	0	0.042	0.900	0.294	0.926
BBS10	DNAJC10	9606.ENSP00000497413	9606.ENSP00000264065	0.078	0	0	0	0.265	0.067	0	0.167	0.403
BBS10	C8orf37	9606.ENSP00000497413	9606.ENSP00000286688	0	0	0	0	0.054	0	0	0.608	0.613
BBS10	PFDN5	9606.ENSP00000497413	9606.ENSP00000447942	0	0	0	0	0	0.326	0	0.257	0.478
BCL2A1	TNFSF13B	9606.ENSP00000267953	9606.ENSP00000365048	0	0	0	0	0.189	0	0	0.290	0.400
BCL2A1	CASP5	9606.ENSP00000267953	9606.ENSP00000376849	0	0	0	0	0.154	0.125	0	0.331	0.462
BCL9	H2AC18	9606.ENSP00000234739	9606.ENSP00000358155	0	0	0	0	0	0	0.500	0.072	0.516
BDKRB1	UTS2	9606.ENSP00000216629	9606.ENSP00000054668	0	0	0	0	0.043	0	0.500	0	0.501
BDKRB1	SSTR4	9606.ENSP00000216629	9606.ENSP00000255008	0	0	0	0.725	0	0	0.500	0.052	0.505
BDKRB1	C5	9606.ENSP00000216629	9606.ENSP00000223642	0	0	0	0	0	0	0.500	0.107	0.534
BDKRB1	VRK1	9606.ENSP00000216629	9606.ENSP00000216639	0	0	0	0	0	0	0	0.852	0.852
BEND2	PF4V1	9606.ENSP00000369372	9606.ENSP00000226524	0	0	0	0	0.430	0	0	0.083	0.454
C12orf56	NKAIN3	9606.ENSP00000446101	9606.ENSP00000429073	0	0	0	0	0	0	0	0.447	0.447
C5	SERPIND1	9606.ENSP00000223642	9606.ENSP00000215727	0	0	0	0	0.327	0	0	0.228	0.458
C5	CFD	9606.ENSP00000223642	9606.ENSP00000468253	0	0	0	0	0.055	0.127	0	0.422	0.482
C5	SSTR4	9606.ENSP00000223642	9606.ENSP00000255008	0	0	0	0	0	0	0.500	0.047	0.503
C5	HP	9606.ENSP00000223642	9606.ENSP00000348170	0	0	0	0	0.136	0.123	0	0.563	0.640
C5	TSPAN33	9606.ENSP00000223642	9606.ENSP00000483872	0	0	0	0	0	0	0.720	0	0.720
C5	PLEKHA7	9606.ENSP00000223642	9606.ENSP00000435389	0	0	0	0	0	0.075	0.720	0	0.729
CA2	SAG	9606.ENSP00000285379	9606.ENSP00000386444	0	0	0	0	0	0	0	0.515	0.515
CA2	CA9	9606.ENSP00000285379	9606.ENSP00000367608	0	0	0.130	0.820	0	0.292	0	0.458	0.637
CASP5	NOD2	9606.ENSP00000376849	9606.ENSP00000300589	0	0	0	0	0.180	0.047	0	0.509	0.583
CASP5	GPX4	9606.ENSP00000376849	9606.ENSP00000346103	0	0	0	0	0.052	0	0	0.407	0.414
CASP5	NLRP2	9606.ENSP00000376849	9606.ENSP00000445135	0	0	0	0	0.087	0	0	0.863	0.869
CCDC89	KRTAP4-3	9606.ENSP00000320649	9606.ENSP00000375151	0	0	0	0	0	0	0	0.445	0.445
CCL23	ICAM3	9606.ENSP00000481357	9606.ENSP00000160262	0	0	0	0	0	0	0	0.422	0.422
CCL23	PRSS33	9606.ENSP00000481357	9606.ENSP00000293851	0	0	0	0	0.264	0	0	0.227	0.407
CCL23	PF4	9606.ENSP00000481357	9606.ENSP00000296029	0	0	0	0	0.120	0	0	0.349	0.403
CCR4	PF4V1	9606.ENSP00000332659	9606.ENSP00000226524	0	0	0	0	0.060	0	0.650	0.102	0.678
CCR4	PF4	9606.ENSP00000332659	9606.ENSP00000296029	0	0	0	0	0.060	0	0.650	0.102	0.678
CCR4	JAK2	9606.ENSP00000332659	9606.ENSP00000371067	0	0	0	0	0.087	0	0.650	0.071	0.677
CD151	MYH9	9606.ENSP00000324101	9606.ENSP00000216181	0	0	0	0	0.095	0	0	0.374	0.409
CD151	CXXC1	9606.ENSP00000324101	9606.ENSP00000390475	0	0	0	0	0.042	0	0	0.535	0.535
CD5L	HP	9606.ENSP00000357156	9606.ENSP00000348170	0	0	0	0	0.094	0.113	0	0.358	0.439
CD5L	VSIG4	9606.ENSP00000357156	9606.ENSP00000363869	0	0	0	0	0.238	0	0	0.376	0.504
CDC7	VRK1	9606.ENSP00000393139	9606.ENSP00000216639	0	0	0	0	0.350	0.071	0	0.271	0.521
CDC7	RING1	9606.ENSP00000393139	9606.ENSP00000363787	0	0	0	0	0	0	0.500	0.063	0.511
CDC7	CDCA7L	9606.ENSP00000393139	9606.ENSP00000383986	0	0	0	0	0.088	0.112	0	0.547	0.601
CDK16	VPS37B	9606.ENSP00000276052	9606.ENSP00000267202	0	0	0	0	0.049	0	0	0.424	0.429
CENPT	RUVBL1	9606.ENSP00000457810	9606.ENSP00000318297	0	0	0	0	0	0	0.500	0	0.499
CHD1	SPINK1	9606.ENSP00000483667	9606.ENSP00000296695	0	0	0	0	0	0	0	0.467	0.467
CHD1	RUVBL1	9606.ENSP00000483667	9606.ENSP00000318297	0	0	0	0	0.054	0.310	0	0.331	0.525
CHD1	KAT5	9606.ENSP00000483667	9606.ENSP00000340330	0	0	0	0	0.042	0.139	0	0.412	0.473
CHD1	H2AC18	9606.ENSP00000483667	9606.ENSP00000358155	0	0	0	0	0.049	0.153	0.500	0.585	0.810
CHD1	TNKS1BP1	9606.ENSP00000483667	9606.ENSP00000437271	0	0	0	0	0.051	0.377	0	0.180	0.473
CHD1	CHD4	9606.ENSP00000483667	9606.ENSP00000440542	0	0	0.177	0.698	0.139	0.071	0	0.560	0.671
CHD4	RUVBL1	9606.ENSP00000440542	9606.ENSP00000318297	0	0	0	0	0.083	0.490	0	0.323	0.656
CHD4	RBM10	9606.ENSP00000440542	9606.ENSP00000328848	0	0	0	0	0.243	0.314	0	0.046	0.461
CHD4	KAT5	9606.ENSP00000440542	9606.ENSP00000340330	0	0	0	0	0.051	0.139	0	0.436	0.500
CHD4	H2AC18	9606.ENSP00000440542	9606.ENSP00000358155	0	0	0	0	0.055	0.141	0.500	0.436	0.740
CHD4	RING1	9606.ENSP00000440542	9606.ENSP00000363787	0	0	0	0	0.123	0.071	0.500	0.239	0.648
CHD4	MORC3	9606.ENSP00000440542	9606.ENSP00000383333	0	0	0	0	0.067	0.045	0	0.643	0.654
CHD4	ZNF592	9606.ENSP00000440542	9606.ENSP00000452877	0	0	0	0	0.156	0.541	0	0.290	0.701
CHMP5	VPS37D	9606.ENSP00000223500	9606.ENSP00000320416	0	0	0	0	0	0	0.500	0.374	0.673
CHMP5	VPS37B	9606.ENSP00000223500	9606.ENSP00000267202	0	0	0	0	0.042	0	0.500	0.617	0.800
CHRNA9	NQO2	9606.ENSP00000312663	9606.ENSP00000369822	0	0	0	0	0	0	0	0.403	0.403
CLC	PRSS33	9606.ENSP00000221804	9606.ENSP00000293851	0	0	0	0	0.368	0	0	0.186	0.463
CLC	LGALS12	9606.ENSP00000221804	9606.ENSP00000339374	0	0	0	0	0.151	0	0	0.608	0.652
CLEC3A	VAT1L	9606.ENSP00000499168	9606.ENSP00000303129	0	0.269	0	0	0	0	0	0.535	0.646
CLEC3A	CYTL1	9606.ENSP00000499168	9606.ENSP00000303550	0	0	0	0	0.054	0	0	0.480	0.487
CLEC4A	ICAM3	9606.ENSP00000229332	9606.ENSP00000160262	0	0	0	0	0.116	0.091	0	0.506	0.568
CLEC4A	NOD2	9606.ENSP00000229332	9606.ENSP00000300589	0	0	0	0	0.299	0	0	0.181	0.401
CLEC4A	SIGLEC9	9606.ENSP00000229332	9606.ENSP00000413861	0	0	0	0	0.247	0	0	0.251	0.412
CLEC4A	TNFSF13B	9606.ENSP00000229332	9606.ENSP00000365048	0	0	0	0	0.319	0	0	0.189	0.424
CLEC4A	XCR1	9606.ENSP00000229332	9606.ENSP00000310405	0	0	0	0	0.110	0	0	0.404	0.447
CLEC4A	LST1	9606.ENSP00000229332	9606.ENSP00000365261	0	0	0	0	0.503	0	0	0.092	0.530
CLIC2	CMC4	9606.ENSP00000358460	9606.ENSP00000358496	0	0	0	0	0	0	0	0.402	0.402
CMC4	IDH3G	9606.ENSP00000358496	9606.ENSP00000217901	0	0	0	0	0.049	0.050	0.500	0.079	0.528
CNR2	MTNR1B	9606.ENSP00000363596	9606.ENSP00000257068	0	0	0	0	0.058	0	0.500	0.124	0.551
CNR2	MGLL	9606.ENSP00000363596	9606.ENSP00000265052	0	0	0	0	0	0	0	0.605	0.605
CNR2	RING1	9606.ENSP00000363596	9606.ENSP00000363787	0	0	0	0	0	0	0	0.437	0.437
COG4	RAB6B	9606.ENSP00000315775	9606.ENSP00000285208	0	0	0	0	0	0.071	0.500	0.115	0.553
COG4	EPS8L3	9606.ENSP00000315775	9606.ENSP00000358820	0	0	0	0	0	0	0	0.433	0.433
COG4	TMF1	9606.ENSP00000315775	9606.ENSP00000494067	0	0	0	0	0.047	0	0.500	0.248	0.610
COG4	VSIG2	9606.ENSP00000315775	9606.ENSP00000318684	0	0	0	0	0	0.620	0	0	0.620
COG4	SCFD2	9606.ENSP00000315775	9606.ENSP00000384182	0	0	0	0	0.056	0	0	0.631	0.637
COL5A3	OLFM2	9606.ENSP00000264828	9606.ENSP00000264833	0	0	0	0	0.126	0	0	0.417	0.469
COL5A3	COL6A3	9606.ENSP00000264828	9606.ENSP00000295550	0	0	0	0.562	0.197	0	0.400	0.261	0.613
COL6A3	NID2	9606.ENSP00000295550	9606.ENSP00000216286	0	0	0	0	0.245	0.096	0	0.569	0.680
COL6A3	SDC4	9606.ENSP00000295550	9606.ENSP00000361818	0	0	0	0	0.042	0	0.650	0.167	0.696
COL6A3	ITGA10	9606.ENSP00000295550	9606.ENSP00000358310	0	0	0	0.549	0.044	0	0.650	0.496	0.816
COX6B1	PMPCA	9606.ENSP00000466818	9606.ENSP00000360782	0	0	0	0	0.137	0.437	0.216	0.250	0.676
COX6B1	NDUFB3	9606.ENSP00000466818	9606.ENSP00000407336	0	0	0	0	0.512	0.845	0	0.419	0.952
CREB5	NOD2	9606.ENSP00000350359	9606.ENSP00000300589	0	0	0	0	0.069	0	0	0.413	0.431
CREB5	HTT	9606.ENSP00000350359	9606.ENSP00000347184	0	0	0	0	0	0.065	0.800	0	0.805
CUBN	HP	9606.ENSP00000367064	9606.ENSP00000348170	0	0	0	0	0	0	0	0.746	0.746
CXXC1	KAT5	9606.ENSP00000390475	9606.ENSP00000340330	0	0	0	0	0.119	0.071	0	0.438	0.500
CXXC1	RING1	9606.ENSP00000390475	9606.ENSP00000363787	0	0	0	0	0.202	0.294	0	0.186	0.501
CXXC1	RAD23A	9606.ENSP00000390475	9606.ENSP00000467024	0	0	0	0	0.138	0.267	0	0.161	0.423
D2HGDH	ETFDH	9606.ENSP00000315351	9606.ENSP00000426638	0	0	0	0	0.060	0	0	0.392	0.404
D2HGDH	KAT5	9606.ENSP00000315351	9606.ENSP00000340330	0	0	0	0	0.042	0.379	0	0.157	0.454
D2HGDH	ENGASE	9606.ENSP00000315351	9606.ENSP00000462333	0	0	0	0	0.459	0	0	0	0.459
DBR1	DGCR8	9606.ENSP00000260803	9606.ENSP00000263209	0	0	0	0	0.126	0	0	0.442	0.492
DCAF4	ZNF208	9606.ENSP00000351147	9606.ENSP00000380315	0	0	0	0	0	0	0	0.576	0.576
DGCR8	FMR1	9606.ENSP00000263209	9606.ENSP00000359506	0	0	0	0	0.049	0	0	0.830	0.831
DHPS	RPL4	9606.ENSP00000210060	9606.ENSP00000311430	0	0	0	0	0.106	0	0	0.396	0.437
DHPS	PAOX	9606.ENSP00000210060	9606.ENSP00000278060	0	0	0	0	0	0	0	0.526	0.526
DNAJC10	UFD1	9606.ENSP00000264065	9606.ENSP00000263202	0	0	0	0	0.066	0	0	0.440	0.455
DNAJC10	GLRX	9606.ENSP00000264065	9606.ENSP00000369314	0.061	0	0	0	0.111	0.052	0	0.362	0.428
DNAJC10	GART	9606.ENSP00000264065	9606.ENSP00000371253	0.272	0	0	0	0.080	0	0.129	0.206	0.475
DNAJC10	PRDX5	9606.ENSP00000264065	9606.ENSP00000265462	0.056	0	0	0	0.091	0.291	0	0.250	0.482
DNAJC10	EEF1G	9606.ENSP00000264065	9606.ENSP00000331901	0	0	0	0	0.102	0.198	0	0.363	0.502
DNAJC10	PMPCA	9606.ENSP00000264065	9606.ENSP00000360782	0	0	0	0	0.116	0.436	0	0.140	0.534
DNAJC10	GANAB	9606.ENSP00000264065	9606.ENSP00000340466	0	0	0	0	0.064	0.473	0	0.163	0.551
DNAJC10	RPL12	9606.ENSP00000264065	9606.ENSP00000354739	0	0	0	0	0.107	0.708	0	0.080	0.739
DNAJC10	HMGN4	9606.ENSP00000264065	9606.ENSP00000366798	0	0	0	0	0.119	0.708	0	0.080	0.742
ECD	RUVBL1	9606.ENSP00000401566	9606.ENSP00000318297	0	0	0	0	0.094	0.329	0	0.244	0.500
ECT2	MYH9	9606.ENSP00000376457	9606.ENSP00000216181	0	0	0	0	0.042	0.311	0	0.180	0.412
ECT2	PSRC1	9606.ENSP00000376457	9606.ENSP00000358925	0	0	0	0	0.152	0	0	0.344	0.420
EEF1G	EEF2K	9606.ENSP00000331901	9606.ENSP00000263026	0	0	0	0	0.067	0	0	0.386	0.403
EEF1G	QARS1	9606.ENSP00000331901	9606.ENSP00000307567	0	0	0	0	0.333	0.254	0	0.532	0.747
EEF1G	EEF2	9606.ENSP00000331901	9606.ENSP00000307940	0	0	0	0	0.978	0.160	0	0.713	0.994
EEF1G	RPL4	9606.ENSP00000331901	9606.ENSP00000311430	0	0	0	0	0.959	0.210	0	0.524	0.983
EEF1G	KARS1	9606.ENSP00000331901	9606.ENSP00000325448	0	0	0	0	0.728	0.236	0	0.240	0.828
EEF1G	FTHL17	9606.ENSP00000331901	9606.ENSP00000368207	0	0	0	0	0.051	0	0	0.404	0.410
EEF1G	GART	9606.ENSP00000331901	9606.ENSP00000371253	0.041	0	0	0	0.206	0	0	0.378	0.485
EEF1G	PFDN5	9606.ENSP00000331901	9606.ENSP00000447942	0	0	0	0	0.465	0.095	0	0.225	0.592
EEF1G	STIP1	9606.ENSP00000331901	9606.ENSP00000351646	0	0	0	0	0.466	0	0	0.364	0.646
EEF1G	TUBB	9606.ENSP00000331901	9606.ENSP00000339001	0	0	0	0	0.408	0.071	0	0.488	0.694
EEF1G	RPS17	9606.ENSP00000331901	9606.ENSP00000498019	0	0	0	0	0.738	0	0	0.111	0.757
EEF1G	PPP1R26	9606.ENSP00000331901	9606.ENSP00000349274	0	0	0	0	0.688	0.092	0	0.225	0.761
EEF1G	RPL12	9606.ENSP00000331901	9606.ENSP00000354739	0.042	0	0	0	0.795	0	0	0.380	0.868
EEF1G	TPT1	9606.ENSP00000331901	9606.ENSP00000477781	0	0	0	0	0.969	0.617	0	0.478	0.993
EEF1G	RPLP0	9606.ENSP00000331901	9606.ENSP00000449328	0	0	0	0	0.993	0.122	0	0.379	0.996
EEF2	EEF2K	9606.ENSP00000307940	9606.ENSP00000263026	0	0	0	0	0.120	0.292	0.900	0.986	0.999
EEF2	QARS1	9606.ENSP00000307940	9606.ENSP00000307567	0	0	0	0	0.483	0.414	0	0.244	0.751
EEF2	FMR1	9606.ENSP00000307940	9606.ENSP00000359506	0	0	0	0	0.047	0.091	0	0.409	0.443
EEF2	STIP1	9606.ENSP00000307940	9606.ENSP00000351646	0	0	0	0	0.339	0.095	0	0.202	0.481
EEF2	PFDN5	9606.ENSP00000307940	9606.ENSP00000447942	0	0	0	0	0.470	0.067	0	0	0.485
EEF2	RAD23A	9606.ENSP00000307940	9606.ENSP00000467024	0	0	0	0	0.083	0.478	0	0.101	0.533
EEF2	TUBB	9606.ENSP00000307940	9606.ENSP00000339001	0	0	0	0	0.252	0.176	0	0.308	0.536
EEF2	RUVBL1	9606.ENSP00000307940	9606.ENSP00000318297	0	0	0	0	0.472	0.094	0	0.132	0.549
EEF2	GART	9606.ENSP00000307940	9606.ENSP00000371253	0	0	0	0	0.396	0	0	0.315	0.569
EEF2	PNPT1	9606.ENSP00000307940	9606.ENSP00000400646	0.042	0	0	0	0.598	0	0	0.207	0.668
EEF2	PPP1R26	9606.ENSP00000307940	9606.ENSP00000349274	0.046	0	0	0	0.432	0.419	0	0.161	0.700
EEF2	KARS1	9606.ENSP00000307940	9606.ENSP00000325448	0.090	0	0	0	0.660	0	0	0.225	0.739
EEF2	TPT1	9606.ENSP00000307940	9606.ENSP00000477781	0	0	0	0	0.631	0.113	0	0.266	0.739
EEF2	HMGN4	9606.ENSP00000307940	9606.ENSP00000366798	0.061	0	0	0	0.420	0.746	0	0.216	0.877
EEF2	MRPL12	9606.ENSP00000307940	9606.ENSP00000333837	0.111	0	0	0	0.710	0.746	0	0.280	0.946
EEF2	RPS17	9606.ENSP00000307940	9606.ENSP00000498019	0	0	0	0	0.443	0.990	0.500	0.279	0.997
EEF2	RPL4	9606.ENSP00000307940	9606.ENSP00000311430	0.079	0	0	0	0.952	0.993	0.500	0.558	0.999
EEF2	RPLP0	9606.ENSP00000307940	9606.ENSP00000449328	0.095	0	0	0	0.957	0.988	0.500	0.721	0.999
EEF2	RPL12	9606.ENSP00000307940	9606.ENSP00000354739	0.061	0	0	0	0.794	0.992	0.500	0.408	0.999
EMC10	EMC2	9606.ENSP00000334037	9606.ENSP00000220853	0	0	0	0	0.105	0.982	0.900	0.709	0.999
EMC2	GPX4	9606.ENSP00000220853	9606.ENSP00000346103	0	0	0	0	0.044	0	0	0.440	0.441
EMD	TMEM38A	9606.ENSP00000358857	9606.ENSP00000187762	0	0	0	0	0	0	0	0.482	0.482
EMD	VRK1	9606.ENSP00000358857	9606.ENSP00000216639	0	0	0	0	0.042	0.130	0.400	0.491	0.711
EMD	RNF123	9606.ENSP00000358857	9606.ENSP00000328287	0	0	0	0	0.049	0.292	0	0.242	0.445
EMD	SYNE2	9606.ENSP00000358857	9606.ENSP00000350719	0	0	0	0	0.042	0.330	0	0.994	0.995
EMD	STIP1	9606.ENSP00000358857	9606.ENSP00000351646	0	0	0	0	0.054	0	0	0.402	0.410
EMD	TAZ	9606.ENSP00000358857	9606.ENSP00000469981	0	0	0	0	0.186	0	0	0.560	0.626
ENOX1	LHPP	9606.ENSP00000261488	9606.ENSP00000357835	0	0	0	0	0	0	0	0.460	0.459
EPSTI1	OASL	9606.ENSP00000318982	9606.ENSP00000257570	0	0	0	0	0.492	0	0	0.564	0.769
EPSTI1	IFITM1	9606.ENSP00000318982	9606.ENSP00000330825	0	0	0	0	0.253	0	0	0.384	0.520
EPSTI1	TRIM22	9606.ENSP00000318982	9606.ENSP00000369299	0	0	0	0	0.444	0	0	0.224	0.550
EPSTI1	TNFSF13B	9606.ENSP00000318982	9606.ENSP00000365048	0	0	0	0	0.492	0	0	0.200	0.576
EPSTI1	IFITM3	9606.ENSP00000318982	9606.ENSP00000382707	0	0	0	0	0.393	0	0	0.385	0.610
EPSTI1	IFIT5	9606.ENSP00000318982	9606.ENSP00000360860	0	0	0	0	0.357	0	0	0.588	0.724
EPSTI1	OAS1	9606.ENSP00000318982	9606.ENSP00000388001	0	0	0	0	0.668	0	0	0.447	0.808
EPSTI1	RSAD2	9606.ENSP00000318982	9606.ENSP00000371471	0	0	0	0	0.800	0	0	0.521	0.900
EPSTI1	IFI44	9606.ENSP00000318982	9606.ENSP00000359783	0	0	0	0	0.792	0	0	0.581	0.909
ERAL1	PNPT1	9606.ENSP00000254928	9606.ENSP00000400646	0.107	0	0	0	0.074	0	0	0.425	0.483
ERAL1	MRPL12	9606.ENSP00000254928	9606.ENSP00000333837	0	0	0	0	0.140	0	0	0.479	0.532
ERAL1	HARS2	9606.ENSP00000254928	9606.ENSP00000494965	0.075	0	0	0	0.180	0	0	0.473	0.565
ETFA	RAB6B	9606.ENSP00000452762	9606.ENSP00000285208	0	0	0	0	0	0.449	0	0	0.449
ETFA	NDUFAF3	9606.ENSP00000452762	9606.ENSP00000323076	0	0	0	0	0.113	0	0	0.447	0.488
ETFA	ETFDH	9606.ENSP00000452762	9606.ENSP00000426638	0.231	0	0.429	0	0.650	0.797	0.750	0.994	0.999
ETFDH	MGLL	9606.ENSP00000426638	9606.ENSP00000265052	0	0	0	0	0.059	0	0	0.412	0.423
FAM131B	JAK2	9606.ENSP00000410603	9606.ENSP00000371067	0	0	0	0	0	0	0.400	0	0.400
FIGLA	FMR1	9606.ENSP00000333097	9606.ENSP00000359506	0	0	0	0	0	0	0	0.721	0.721
FMR1	PABPN1	9606.ENSP00000359506	9606.ENSP00000216727	0	0	0	0	0.049	0	0	0.400	0.405
FMR1	NUTF2	9606.ENSP00000359506	9606.ENSP00000219169	0	0	0	0	0.049	0	0	0.501	0.505
FMR1	STUB1	9606.ENSP00000359506	9606.ENSP00000219548	0	0	0	0	0.047	0.308	0	0.193	0.422
FMR1	SLC6A8	9606.ENSP00000359506	9606.ENSP00000253122	0	0	0	0	0	0.071	0	0.520	0.535
FMR1	RAMAC	9606.ENSP00000359506	9606.ENSP00000307181	0	0	0	0	0.042	0	0.720	0	0.720
FMR1	RBM10	9606.ENSP00000359506	9606.ENSP00000328848	0	0	0	0	0.076	0	0	0.441	0.461
FMR1	HTT	9606.ENSP00000359506	9606.ENSP00000347184	0	0	0	0	0.044	0	0	0.686	0.687
FMR1	OPHN1	9606.ENSP00000359506	9606.ENSP00000347710	0	0	0	0	0.107	0	0	0.508	0.542
FMR1	RPLP0	9606.ENSP00000359506	9606.ENSP00000449328	0	0	0	0	0.044	0.071	0	0.444	0.463
FNDC5	MSTN	9606.ENSP00000362570	9606.ENSP00000260950	0	0	0	0	0.074	0	0	0.773	0.780
GABARAPL2	RB1CC1	9606.ENSP00000037243	9606.ENSP00000025008	0	0	0	0	0.057	0.375	0	0.928	0.953
GABARAPL2	HTT	9606.ENSP00000037243	9606.ENSP00000347184	0	0	0	0	0.044	0.091	0	0.492	0.520
GABARAPL2	TBC1D25	9606.ENSP00000037243	9606.ENSP00000365962	0	0	0	0	0.082	0.670	0.500	0.897	0.982
GANAB	PPP1R26	9606.ENSP00000340466	9606.ENSP00000349274	0	0	0	0	0.064	0.429	0	0.102	0.478
GANAB	MRPL41	9606.ENSP00000340466	9606.ENSP00000360498	0	0	0	0	0.049	0.507	0	0	0.511
GART	IDH3G	9606.ENSP00000371253	9606.ENSP00000217901	0.121	0	0	0	0.086	0	0	0.353	0.435
GART	NME4	9606.ENSP00000371253	9606.ENSP00000219479	0.041	0	0	0	0.106	0.097	0	0.353	0.432
GART	MGLL	9606.ENSP00000371253	9606.ENSP00000265052	0.353	0	0	0	0	0	0	0.166	0.437
GART	RPL4	9606.ENSP00000371253	9606.ENSP00000311430	0	0	0	0	0.535	0	0	0.115	0.571
GART	KARS1	9606.ENSP00000371253	9606.ENSP00000325448	0.194	0	0	0	0.264	0	0	0.353	0.583
GART	MRPL12	9606.ENSP00000371253	9606.ENSP00000333837	0	0	0	0	0.079	0.115	0	0.349	0.423
GART	RPL12	9606.ENSP00000371253	9606.ENSP00000354739	0.054	0	0	0	0.519	0	0	0.056	0.532
GART	PAPSS2	9606.ENSP00000371253	9606.ENSP00000406157	0.041	0	0	0	0.102	0	0	0.364	0.405
GART	PFDN5	9606.ENSP00000371253	9606.ENSP00000447942	0.042	0	0	0	0.162	0	0	0.340	0.424
GART	PNPT1	9606.ENSP00000371253	9606.ENSP00000400646	0.272	0	0	0	0.174	0	0	0.125	0.428
GART	SARS2	9606.ENSP00000371253	9606.ENSP00000472847	0.119	0.002	0	0	0.254	0	0	0.288	0.491
GART	INPP5K	9606.ENSP00000371253	9606.ENSP00000413937	0	0	0	0	0.044	0.594	0	0.063	0.604
GART	RPLP0	9606.ENSP00000371253	9606.ENSP00000449328	0	0	0	0	0.546	0	0	0.387	0.710
GAS2	PMP22	9606.ENSP00000401145	9606.ENSP00000308937	0	0	0	0	0	0	0	0.594	0.594
GFRA3	NRTN	9606.ENSP00000274721	9606.ENSP00000302648	0	0	0	0	0.060	0	0.400	0.998	0.998
GLRA1	IL12A	9606.ENSP00000411593	9606.ENSP00000303231	0	0	0	0	0	0	0	0.637	0.637
GLRX	PRDX5	9606.ENSP00000369314	9606.ENSP00000265462	0	0	0	0	0.110	0	0	0.641	0.667
GLRX	GPX4	9606.ENSP00000369314	9606.ENSP00000346103	0.068	0	0	0	0.130	0.071	0	0.572	0.634
GLRX	ISCA1	9606.ENSP00000369314	9606.ENSP00000365159	0.077	0	0	0	0.363	0	0	0.558	0.717
GPKOW	HARS2	9606.ENSP00000156109	9606.ENSP00000494965	0	0	0	0	0.285	0	0	0.201	0.404
GPKOW	H2AC18	9606.ENSP00000156109	9606.ENSP00000358155	0	0	0	0	0.062	0	0	0.408	0.420
GPKOW	NSRP1	9606.ENSP00000156109	9606.ENSP00000247026	0	0	0	0	0.149	0	0.400	0	0.467
GPKOW	NDUFAF3	9606.ENSP00000156109	9606.ENSP00000323076	0	0	0	0	0.058	0	0	0.909	0.910
GPKOW	RNF113A	9606.ENSP00000156109	9606.ENSP00000360497	0	0	0	0	0.336	0.800	0.800	0	0.971
GPKOW	RBM10	9606.ENSP00000156109	9606.ENSP00000328848	0	0	0	0	0.350	0.994	0	0.237	0.996
GPR101	GPR162	9606.ENSP00000498972	9606.ENSP00000311528	0	0	0	0	0	0	0	0.431	0.431
GPRC5D	LY9	9606.ENSP00000228887	9606.ENSP00000263285	0	0	0	0	0.049	0	0	0.398	0.403
GPX4	PRDX5	9606.ENSP00000346103	9606.ENSP00000265462	0	0	0	0	0.303	0.102	0	0.621	0.742
H1-2	H2AC18	9606.ENSP00000339566	9606.ENSP00000358155	0	0.002	0	0	0.781	0.136	0	0.773	0.953
H2AC18	RUVBL1	9606.ENSP00000358155	9606.ENSP00000318297	0	0	0	0	0.054	0.311	0.500	0.667	0.877
H2AC18	KAT5	9606.ENSP00000358155	9606.ENSP00000340330	0	0	0	0	0.042	0.145	0.500	0.885	0.946
H2AC18	RING1	9606.ENSP00000358155	9606.ENSP00000363787	0	0	0	0	0.050	0.064	0.500	0.893	0.946
HARS2	QARS1	9606.ENSP00000494965	9606.ENSP00000307567	0.054	0	0	0	0.157	0.071	0	0.773	0.810
HARS2	KARS1	9606.ENSP00000494965	9606.ENSP00000325448	0.046	0	0	0	0.206	0.256	0	0.794	0.868
HARS2	MORC3	9606.ENSP00000494965	9606.ENSP00000383333	0	0	0	0	0.060	0	0	0.479	0.489
HARS2	SARS2	9606.ENSP00000494965	9606.ENSP00000472847	0.044	0	0	0	0.163	0.339	0	0.768	0.861
HLA-C	STAC	9606.ENSP00000365402	9606.ENSP00000273183	0	0	0	0	0.060	0	0	0.571	0.579
HLA-C	NOD2	9606.ENSP00000365402	9606.ENSP00000300589	0	0	0	0	0.131	0	0	0.433	0.486
HLA-C	TAP1	9606.ENSP00000365402	9606.ENSP00000346206	0	0	0	0	0.286	0	0.500	0.224	0.699
HLA-C	KLRC1	9606.ENSP00000365402	9606.ENSP00000438038	0	0	0	0	0	0.052	0.650	0.969	0.988
HMGN4	KCND1	9606.ENSP00000366798	9606.ENSP00000218176	0	0	0	0	0.292	0.255	0	0.091	0.478
HMGN4	QARS1	9606.ENSP00000366798	9606.ENSP00000307567	0.057	0	0	0	0.272	0.406	0	0.155	0.609
HMGN4	RPL4	9606.ENSP00000366798	9606.ENSP00000311430	0.070	0	0	0	0.541	0.713	0	0.188	0.887
HMGN4	KARS1	9606.ENSP00000366798	9606.ENSP00000325448	0	0	0	0	0.468	0	0	0.184	0.547
HMGN4	MRPL12	9606.ENSP00000366798	9606.ENSP00000333837	0.106	0	0	0	0.685	0.623	0	0.251	0.909
HMGN4	PPP1R26	9606.ENSP00000366798	9606.ENSP00000349274	0	0	0	0	0.401	0.406	0	0.155	0.673
HMGN4	MRPL41	9606.ENSP00000366798	9606.ENSP00000360498	0	0	0	0	0.143	0.516	0	0.159	0.621
HMGN4	KCNB1	9606.ENSP00000366798	9606.ENSP00000360806	0	0	0	0	0.292	0.255	0	0.091	0.478
HMGN4	PNPT1	9606.ENSP00000366798	9606.ENSP00000400646	0	0	0	0	0.397	0	0	0.065	0.412
HMGN4	RPLP0	9606.ENSP00000366798	9606.ENSP00000449328	0.086	0	0	0	0.599	0.744	0	0.224	0.917
HMGN4	RPS17	9606.ENSP00000366798	9606.ENSP00000498019	0	0	0	0	0.663	0.744	0	0.241	0.929
HP	SERPIND1	9606.ENSP00000348170	9606.ENSP00000215727	0	0	0	0	0.238	0.045	0	0.265	0.419
HP	ORM1	9606.ENSP00000348170	9606.ENSP00000259396	0	0	0	0	0.384	0.240	0	0.947	0.973
HP	PZP	9606.ENSP00000348170	9606.ENSP00000261336	0	0	0	0	0.128	0.123	0	0.373	0.479
HP	PF4	9606.ENSP00000348170	9606.ENSP00000296029	0	0	0	0	0.047	0	0	0.419	0.422
HP	VSIG4	9606.ENSP00000348170	9606.ENSP00000363869	0	0	0	0	0.106	0	0	0.405	0.445
HP	TGM2	9606.ENSP00000348170	9606.ENSP00000355330	0	0	0	0	0.065	0.139	0	0.373	0.452
HS3ST2	SDC4	9606.ENSP00000261374	9606.ENSP00000361818	0	0	0	0	0	0	0.400	0.250	0.531
HSPB3	STUB1	9606.ENSP00000303394	9606.ENSP00000219548	0	0	0	0	0	0	0	0.760	0.760
HSPB3	SPACA3	9606.ENSP00000303394	9606.ENSP00000269053	0	0	0	0	0	0	0	0.549	0.549
HSPB3	STIP1	9606.ENSP00000303394	9606.ENSP00000351646	0	0	0	0	0	0.046	0	0.477	0.479
HTT	STUB1	9606.ENSP00000347184	9606.ENSP00000219548	0	0	0	0	0.044	0.045	0	0.735	0.738
HTT	MADD	9606.ENSP00000347184	9606.ENSP00000310933	0	0	0	0	0.426	0	0	0.241	0.546
HTT	TUBB	9606.ENSP00000347184	9606.ENSP00000339001	0	0	0	0	0.062	0.525	0	0.122	0.575
HTT	SIRT3	9606.ENSP00000347184	9606.ENSP00000372191	0	0	0	0	0.101	0.091	0	0.333	0.408
HTT	TRAF6	9606.ENSP00000347184	9606.ENSP00000433623	0	0	0	0	0.060	0.292	0	0.229	0.442
HTT	JAK2	9606.ENSP00000347184	9606.ENSP00000371067	0	0	0	0	0.068	0.054	0	0.432	0.456
HTT	STIP1	9606.ENSP00000347184	9606.ENSP00000351646	0	0	0	0	0.049	0.313	0	0.306	0.507
IDH3G	TAZ	9606.ENSP00000217901	9606.ENSP00000469981	0	0	0	0	0.257	0	0.500	0.396	0.756
IFI27L1	OASL	9606.ENSP00000376824	9606.ENSP00000257570	0	0	0	0	0.111	0.109	0	0.384	0.469
IFI27L1	IFITM1	9606.ENSP00000376824	9606.ENSP00000330825	0	0	0	0	0.045	0	0	0.428	0.430
IFI27L1	IFI44	9606.ENSP00000376824	9606.ENSP00000359783	0	0	0	0	0.142	0	0	0.446	0.504
IFI27L1	IFIT5	9606.ENSP00000376824	9606.ENSP00000360860	0	0	0	0	0.074	0.054	0	0.497	0.522
IFI27L1	OAS1	9606.ENSP00000376824	9606.ENSP00000388001	0	0	0	0	0.107	0	0	0.376	0.418
IFI44	OASL	9606.ENSP00000359783	9606.ENSP00000257570	0	0	0	0	0.787	0	0	0.777	0.950
IFI44	IFITM1	9606.ENSP00000359783	9606.ENSP00000330825	0	0	0	0	0.370	0	0	0.608	0.742
IFI44	TNFSF13B	9606.ENSP00000359783	9606.ENSP00000365048	0	0	0	0	0.274	0	0	0.246	0.430
IFI44	IFITM3	9606.ENSP00000359783	9606.ENSP00000382707	0	0	0	0	0.390	0	0	0.756	0.844
IFI44	TRIM22	9606.ENSP00000359783	9606.ENSP00000369299	0	0	0	0	0.625	0	0	0.628	0.854
IFI44	IFIT5	9606.ENSP00000359783	9606.ENSP00000360860	0	0	0	0	0.799	0	0	0.606	0.917
IFI44	OAS1	9606.ENSP00000359783	9606.ENSP00000388001	0	0	0	0	0.796	0	0	0.820	0.961
IFI44	RSAD2	9606.ENSP00000359783	9606.ENSP00000371471	0	0	0	0	0.910	0	0	0.823	0.983
IFIT5	OASL	9606.ENSP00000360860	9606.ENSP00000257570	0	0	0	0	0.492	0.109	0	0.715	0.860
IFIT5	IFITM1	9606.ENSP00000360860	9606.ENSP00000330825	0	0	0	0	0.235	0.064	0	0.545	0.646
IFIT5	TRIM22	9606.ENSP00000360860	9606.ENSP00000369299	0	0	0	0	0.356	0	0	0.314	0.540
IFIT5	IFITM3	9606.ENSP00000360860	9606.ENSP00000382707	0	0	0	0	0.181	0.064	0	0.480	0.566
IFIT5	OAS1	9606.ENSP00000360860	9606.ENSP00000388001	0	0	0	0	0.555	0.071	0	0.625	0.831
IFIT5	RSAD2	9606.ENSP00000360860	9606.ENSP00000371471	0	0	0	0	0.801	0.091	0	0.676	0.936
IFITM1	MICB	9606.ENSP00000330825	9606.ENSP00000252229	0	0	0	0	0.140	0	0	0.402	0.463
IFITM1	OASL	9606.ENSP00000330825	9606.ENSP00000257570	0	0	0	0	0.273	0.071	0	0.621	0.721
IFITM1	ZNF185	9606.ENSP00000330825	9606.ENSP00000440847	0	0	0	0	0	0	0	0.424	0.424
IFITM1	TAP1	9606.ENSP00000330825	9606.ENSP00000346206	0	0	0	0	0.446	0	0	0.177	0.524
IFITM1	TRIM22	9606.ENSP00000330825	9606.ENSP00000369299	0	0	0	0	0.276	0.042	0	0.442	0.579
IFITM1	RSAD2	9606.ENSP00000330825	9606.ENSP00000371471	0	0	0	0	0.247	0	0	0.643	0.719
IFITM1	OAS1	9606.ENSP00000330825	9606.ENSP00000388001	0	0	0	0	0.398	0	0	0.782	0.863
IFITM1	IFITM3	9606.ENSP00000330825	9606.ENSP00000382707	0	0	0.058	0.964	0.775	0.142	0	0.382	0.872
IFITM3	OASL	9606.ENSP00000382707	9606.ENSP00000257570	0	0	0	0	0.241	0.071	0	0.745	0.804
IFITM3	TRIM22	9606.ENSP00000382707	9606.ENSP00000369299	0	0	0	0	0.184	0.042	0	0.631	0.686
IFITM3	RSAD2	9606.ENSP00000382707	9606.ENSP00000371471	0	0	0	0	0.255	0	0	0.670	0.744
IFITM3	OAS1	9606.ENSP00000382707	9606.ENSP00000388001	0	0	0	0	0.260	0	0	0.757	0.812
IL12A	JAK2	9606.ENSP00000303231	9606.ENSP00000371067	0	0	0	0	0.049	0	0.540	0.108	0.576
ILK	STUB1	9606.ENSP00000379975	9606.ENSP00000219548	0	0	0	0	0.083	0.310	0	0.161	0.423
ILK	RUVBL1	9606.ENSP00000379975	9606.ENSP00000318297	0	0	0	0	0.053	0.174	0	0.687	0.733
ILK	OPHN1	9606.ENSP00000379975	9606.ENSP00000347710	0	0	0	0	0	0.045	0	0.470	0.472
ILK	TGFB1I1	9606.ENSP00000379975	9606.ENSP00000378332	0	0	0	0	0.239	0.067	0	0.670	0.745
ILK	PARVB	9606.ENSP00000379975	9606.ENSP00000384515	0	0	0	0	0.204	0.915	0.900	0.999	0.999
ILK	PARVG	9606.ENSP00000379975	9606.ENSP00000391583	0	0	0	0	0.119	0.879	0.900	0.997	0.999
ITGA10	PARVB	9606.ENSP00000358310	9606.ENSP00000384515	0	0	0	0	0	0.054	0.650	0.090	0.672
ITGA10	PARVG	9606.ENSP00000358310	9606.ENSP00000391583	0	0	0	0	0	0.054	0.650	0.090	0.672
JAK2	STUB1	9606.ENSP00000371067	9606.ENSP00000219548	0	0	0	0	0	0.071	0	0.475	0.491
JAK2	MICB	9606.ENSP00000371067	9606.ENSP00000252229	0	0	0	0	0.056	0	0	0.489	0.496
JAK2	LMO2	9606.ENSP00000371067	9606.ENSP00000257818	0	0	0	0	0.075	0.058	0	0.571	0.594
JAK2	NOD2	9606.ENSP00000371067	9606.ENSP00000300589	0	0	0	0	0.187	0	0	0.350	0.449
JAK2	ZRSR2	9606.ENSP00000371067	9606.ENSP00000303015	0	0	0	0	0.043	0	0	0.607	0.607
JAK2	XCR1	9606.ENSP00000371067	9606.ENSP00000310405	0	0	0	0	0.083	0	0.650	0.107	0.688
JAK2	TUBB	9606.ENSP00000371067	9606.ENSP00000339001	0	0	0	0	0.055	0.129	0	0.447	0.505
JAK2	TNFSF13B	9606.ENSP00000371067	9606.ENSP00000365048	0	0	0	0	0.210	0.092	0	0.320	0.469
JAK2	TRIM22	9606.ENSP00000371067	9606.ENSP00000369299	0	0	0	0	0.166	0.053	0	0.316	0.413
JAK2	TRAF6	9606.ENSP00000371067	9606.ENSP00000433623	0	0	0	0	0.154	0.249	0	0.420	0.600
KARS1	MICB	9606.ENSP00000325448	9606.ENSP00000252229	0	0	0	0	0.047	0	0	0.402	0.405
KARS1	QARS1	9606.ENSP00000325448	9606.ENSP00000307567	0.106	0	0	0	0.574	0.871	0.900	0.998	0.999
KARS1	RPL4	9606.ENSP00000325448	9606.ENSP00000311430	0.043	0	0	0	0.530	0	0	0.086	0.553
KARS1	PPP1R26	9606.ENSP00000325448	9606.ENSP00000349274	0.070	0	0	0	0.376	0.095	0	0.186	0.516
KARS1	RPLP0	9606.ENSP00000325448	9606.ENSP00000449328	0	0	0	0	0.506	0	0	0.233	0.604
KARS1	PNPT1	9606.ENSP00000325448	9606.ENSP00000400646	0	0	0	0	0.314	0.065	0	0.451	0.617
KARS1	MRPL12	9606.ENSP00000325448	9606.ENSP00000333837	0	0	0	0	0.416	0	0	0.491	0.690
KARS1	RPL12	9606.ENSP00000325448	9606.ENSP00000354739	0	0	0	0	0.572	0	0	0.349	0.709
KARS1	SARS2	9606.ENSP00000325448	9606.ENSP00000472847	0.111	0	0	0	0.307	0.103	0	0.807	0.879
KAT5	RMI1	9606.ENSP00000340330	9606.ENSP00000317039	0	0	0	0	0	0	0.500	0.099	0.530
KAT5	RUVBL1	9606.ENSP00000340330	9606.ENSP00000318297	0	0	0	0	0.121	0.892	0.900	0.979	0.999
KAT5	SIRT3	9606.ENSP00000340330	9606.ENSP00000372191	0	0	0	0	0.086	0.107	0	0.398	0.466
KCNB1	KCNH2	9606.ENSP00000360806	9606.ENSP00000262186	0	0	0	0	0.058	0	0	0.682	0.688
KCNB1	RPL4	9606.ENSP00000360806	9606.ENSP00000311430	0.042	0	0	0	0.207	0.289	0	0.073	0.432
KCNB1	PPP1R26	9606.ENSP00000360806	9606.ENSP00000349274	0	0	0	0	0.244	0.255	0	0.057	0.422
KCNB1	RPL12	9606.ENSP00000360806	9606.ENSP00000354739	0	0	0	0	0.292	0.255	0	0.091	0.478
KCNB1	RPLP0	9606.ENSP00000360806	9606.ENSP00000449328	0	0	0	0	0.201	0.298	0	0.051	0.421
KCNB1	RPS17	9606.ENSP00000360806	9606.ENSP00000498019	0	0	0	0	0.384	0.324	0	0.062	0.575
KCND1	RPLP0	9606.ENSP00000218176	9606.ENSP00000449328	0	0	0	0	0.201	0.298	0	0.051	0.421
KCND1	KCNH2	9606.ENSP00000218176	9606.ENSP00000262186	0	0	0	0	0.055	0	0	0.415	0.424
KCND1	PPP1R26	9606.ENSP00000218176	9606.ENSP00000349274	0	0	0	0	0.250	0.255	0	0.057	0.427
KCND1	RPL4	9606.ENSP00000218176	9606.ENSP00000311430	0.042	0	0	0	0.207	0.289	0	0.073	0.432
KCND1	RPL12	9606.ENSP00000218176	9606.ENSP00000354739	0	0	0	0	0.292	0.255	0	0.091	0.478
KCND1	RPS17	9606.ENSP00000218176	9606.ENSP00000498019	0	0	0	0	0.384	0.324	0	0.062	0.575
KCNH2	STUB1	9606.ENSP00000262186	9606.ENSP00000219548	0	0	0	0	0	0.510	0	0.436	0.711
KHDC1	ZSCAN5A	9606.ENSP00000359411	9606.ENSP00000375593	0	0	0	0	0.067	0	0	0.433	0.448
KLRC1	MICB	9606.ENSP00000438038	9606.ENSP00000252229	0	0	0	0	0	0.071	0	0.940	0.941
KRT13	TGM3	9606.ENSP00000246635	9606.ENSP00000370867	0	0	0	0	0.117	0.096	0	0.395	0.474
LEFTY1	OTX2	9606.ENSP00000272134	9606.ENSP00000500595	0	0	0	0	0.062	0	0	0.521	0.531
LHPP	NDUFB3	9606.ENSP00000357835	9606.ENSP00000407336	0	0	0	0	0.067	0	0	0.515	0.529
LMO2	ZNF263	9606.ENSP00000257818	9606.ENSP00000219069	0	0	0	0	0.049	0.071	0	0.424	0.446
LMO2	NKX3-2	9606.ENSP00000257818	9606.ENSP00000371875	0	0	0	0	0	0.045	0	0.417	0.420
LMO2	PTCRA	9606.ENSP00000257818	9606.ENSP00000477815	0	0	0	0	0.070	0	0	0.419	0.436
LMO2	SERPINA9	9606.ENSP00000257818	9606.ENSP00000337133	0	0	0	0	0	0.052	0	0.507	0.512
LSG1	PNPT1	9606.ENSP00000265245	9606.ENSP00000400646	0	0	0	0	0.321	0	0	0.152	0.400
LSG1	QARS1	9606.ENSP00000265245	9606.ENSP00000307567	0	0	0	0	0.224	0.256	0	0.116	0.445
LSG1	RPL12	9606.ENSP00000265245	9606.ENSP00000354739	0.042	0	0	0	0.082	0.311	0	0.412	0.596
LSG1	RPLP0	9606.ENSP00000265245	9606.ENSP00000449328	0	0	0	0	0.257	0.583	0	0.337	0.777
LSG1	RPL4	9606.ENSP00000265245	9606.ENSP00000311430	0	0	0	0	0.065	0.911	0	0.222	0.930
LY6G6D	MPIG6B	9606.ENSP00000364985	9606.ENSP00000497720	0	0	0	0	0	0	0	0.478	0.478
MADD	RAB13	9606.ENSP00000310933	9606.ENSP00000357564	0	0	0	0	0.067	0	0	0.389	0.406
MARCKSL1	RMI1	9606.ENSP00000362638	9606.ENSP00000317039	0	0	0	0	0.042	0.701	0	0	0.701
MDM1	STARD3NL	9606.ENSP00000302537	9606.ENSP00000009041	0	0	0	0	0.044	0	0	0.565	0.567
MEPCE	RPLP0	9606.ENSP00000308546	9606.ENSP00000449328	0	0	0	0	0.055	0.411	0	0	0.419
MGLL	PPME1	9606.ENSP00000265052	9606.ENSP00000381461	0.051	0	0	0	0.042	0	0.116	0.374	0.429
MGLL	NDUFB3	9606.ENSP00000265052	9606.ENSP00000407336	0	0	0	0	0.042	0.898	0	0	0.898
MINDY2	USP40	9606.ENSP00000452885	9606.ENSP00000415434	0	0	0	0	0.087	0	0	0.377	0.407
MINK1	TNKS1BP1	9606.ENSP00000347427	9606.ENSP00000437271	0	0	0	0	0.146	0.421	0	0.085	0.508
MINK1	PPME1	9606.ENSP00000347427	9606.ENSP00000381461	0	0	0	0	0.049	0	0	0.507	0.511
MMP3	MTNR1B	9606.ENSP00000299855	9606.ENSP00000257068	0	0	0	0	0.044	0	0	0.398	0.400
MMP3	SDC4	9606.ENSP00000299855	9606.ENSP00000361818	0	0	0	0	0.062	0	0	0.654	0.661
MRPL12	NME4	9606.ENSP00000333837	9606.ENSP00000219479	0	0	0	0	0.276	0.142	0	0.156	0.430
MRPL12	RPL4	9606.ENSP00000333837	9606.ENSP00000311430	0.115	0	0	0	0.816	0.784	0	0.315	0.972
MRPL12	PNPT1	9606.ENSP00000333837	9606.ENSP00000400646	0.045	0	0	0	0.335	0.228	0	0.292	0.607
MRPL12	PPP1R26	9606.ENSP00000333837	9606.ENSP00000349274	0.057	0	0	0	0.687	0.624	0	0.288	0.910
MRPL12	RPL12	9606.ENSP00000333837	9606.ENSP00000354739	0.106	0	0	0	0.695	0.687	0	0.327	0.935
MRPL12	MRPL41	9606.ENSP00000333837	9606.ENSP00000360498	0	0	0	0	0.308	0.938	0	0.624	0.982
MRPL12	RPLP0	9606.ENSP00000333837	9606.ENSP00000449328	0.120	0	0	0	0.841	0.843	0	0.349	0.983
MRPL41	RPL4	9606.ENSP00000360498	9606.ENSP00000311430	0	0	0	0	0.160	0.768	0	0.116	0.812
MRPL41	PPP1R26	9606.ENSP00000360498	9606.ENSP00000349274	0	0	0	0	0.311	0.841	0	0	0.885
MRPL41	RPL12	9606.ENSP00000360498	9606.ENSP00000354739	0	0	0	0	0.170	0.516	0	0.159	0.632
MS4A4A	TMEM176A	9606.ENSP00000338648	9606.ENSP00000417626	0	0	0	0	0.152	0	0	0.425	0.491
MS4A4A	VSIG4	9606.ENSP00000338648	9606.ENSP00000363869	0	0	0	0	0.777	0	0	0.822	0.958
MSTN	WFIKKN1	9606.ENSP00000260950	9606.ENSP00000324763	0	0	0	0	0.048	0.409	0	0.667	0.796
MYH9	PMM1	9606.ENSP00000216181	9606.ENSP00000216259	0	0	0	0	0.045	0	0	0.423	0.425
MYH9	TUBB	9606.ENSP00000216181	9606.ENSP00000339001	0	0	0	0	0.149	0	0	0.448	0.510
MYH9	MYL4	9606.ENSP00000216181	9606.ENSP00000347055	0	0	0	0	0.059	0.293	0.540	0.218	0.728
MYL4	TMOD1	9606.ENSP00000347055	9606.ENSP00000259365	0	0	0	0	0.261	0	0.500	0.166	0.665
MYL4	TNNC2	9606.ENSP00000347055	9606.ENSP00000361636	0	0	0.086	0.762	0.116	0	0.500	0.132	0.603
MYOM1	TMOD1	9606.ENSP00000348821	9606.ENSP00000259365	0	0	0	0	0.147	0.068	0	0.392	0.474
NDUFAF3	RNF123	9606.ENSP00000323076	9606.ENSP00000328287	0	0	0	0	0.085	0.292	0	0.281	0.493
NDUFAF3	NDUFB3	9606.ENSP00000323076	9606.ENSP00000407336	0	0	0	0	0.139	0	0.838	0.322	0.897
NDUFB3	PMPCA	9606.ENSP00000407336	9606.ENSP00000360782	0	0	0	0	0.128	0.296	0.154	0.118	0.481
NELFCD	PMPCA	9606.ENSP00000473290	9606.ENSP00000360782	0.054	0	0	0	0.355	0	0	0.141	0.430
NID2	SV2A	9606.ENSP00000216286	9606.ENSP00000358142	0	0	0	0	0.051	0.053	0	0.441	0.454
NKX3-2	STUB1	9606.ENSP00000371875	9606.ENSP00000219548	0	0	0	0	0	0	0.500	0.068	0.514
NLRX1	TRAF6	9606.ENSP00000387334	9606.ENSP00000433623	0	0	0	0	0.057	0.301	0	0.955	0.968
NME4	NPRL3	9606.ENSP00000219479	9606.ENSP00000483814	0	0	0	0	0.182	0	0	0.350	0.446
NME4	RPL4	9606.ENSP00000219479	9606.ENSP00000311430	0.042	0	0	0	0.318	0.243	0	0	0.462
NME4	PPP1R26	9606.ENSP00000219479	9606.ENSP00000349274	0	0	0	0	0.300	0.294	0	0.112	0.522
NME4	SLC6A8	9606.ENSP00000219479	9606.ENSP00000253122	0	0	0	0	0.147	0	0	0.649	0.688
NOD2	STUB1	9606.ENSP00000300589	9606.ENSP00000219548	0	0	0	0	0.053	0.428	0	0.118	0.480
NOD2	REG3G	9606.ENSP00000300589	9606.ENSP00000272324	0	0	0	0	0	0	0	0.574	0.574
NOD2	SULT1A2	9606.ENSP00000300589	9606.ENSP00000378992	0	0	0	0	0.052	0	0	0.422	0.428
NOD2	TRIM41	9606.ENSP00000300589	9606.ENSP00000320869	0	0	0	0	0.058	0.340	0	0.155	0.429
NOD2	TNFSF13B	9606.ENSP00000300589	9606.ENSP00000365048	0	0	0	0	0.247	0	0	0.307	0.455
NOD2	TRIM22	9606.ENSP00000300589	9606.ENSP00000369299	0	0	0	0	0.161	0.311	0	0.249	0.528
NOD2	OAS1	9606.ENSP00000300589	9606.ENSP00000388001	0	0	0	0	0.182	0	0	0.498	0.572
NOD2	TRAF6	9606.ENSP00000300589	9606.ENSP00000433623	0	0	0	0	0.109	0.294	0.500	0.613	0.862
NPRL3	RRAGB	9606.ENSP00000483814	9606.ENSP00000262850	0	0	0	0	0	0.078	0.900	0.746	0.974
NSRP1	RNF113A	9606.ENSP00000247026	9606.ENSP00000360497	0	0	0	0	0	0	0.400	0	0.400
OAS1	OASL	9606.ENSP00000388001	9606.ENSP00000257570	0	0	0.079	0.836	0.786	0	0	0.459	0.884
OAS1	TNFSF13B	9606.ENSP00000388001	9606.ENSP00000365048	0	0	0	0	0.263	0	0	0.252	0.425
OAS1	TRIM22	9606.ENSP00000388001	9606.ENSP00000369299	0	0	0	0	0.437	0	0	0.473	0.691
OAS1	RSAD2	9606.ENSP00000388001	9606.ENSP00000371471	0	0	0	0	0.818	0.091	0	0.821	0.967
OASL	UFD1	9606.ENSP00000257570	9606.ENSP00000263202	0	0	0	0	0.067	0.386	0	0.144	0.466
OASL	RPLP0	9606.ENSP00000257570	9606.ENSP00000449328	0	0	0	0	0.142	0.401	0	0.128	0.513
OASL	TRIM22	9606.ENSP00000257570	9606.ENSP00000369299	0	0	0	0	0.270	0.114	0	0.400	0.579
OASL	RPS17	9606.ENSP00000257570	9606.ENSP00000498019	0	0	0	0	0.241	0.492	0	0.093	0.619
OASL	RPL4	9606.ENSP00000257570	9606.ENSP00000311430	0	0	0	0	0.123	0.560	0	0.104	0.624
OASL	RSAD2	9606.ENSP00000257570	9606.ENSP00000371471	0	0	0	0	0.795	0	0	0.896	0.977
OPHN1	PARVB	9606.ENSP00000347710	9606.ENSP00000384515	0	0	0	0	0	0	0	0.543	0.543
ORM1	SERPIND1	9606.ENSP00000259396	9606.ENSP00000215727	0	0	0	0	0.267	0	0	0.261	0.435
ORM1	PF4	9606.ENSP00000259396	9606.ENSP00000296029	0	0	0	0	0	0	0	0.422	0.422
ORM1	ORMDL3	9606.ENSP00000259396	9606.ENSP00000377724	0	0	0	0	0	0	0	0.887	0.887
PABPN1	PFDN5	9606.ENSP00000216727	9606.ENSP00000447942	0	0	0	0	0.440	0	0	0	0.440
PABPN1	STIP1	9606.ENSP00000216727	9606.ENSP00000351646	0	0	0	0	0.514	0	0	0.071	0.529
PARP11	RNF166	9606.ENSP00000228820	9606.ENSP00000326095	0	0	0	0	0	0.711	0	0	0.711
PARVB	TGFB1I1	9606.ENSP00000384515	9606.ENSP00000378332	0	0	0	0	0.126	0.052	0	0.573	0.616
PARVB	PARVG	9606.ENSP00000384515	9606.ENSP00000391583	0	0	0.087	0.901	0.049	0	0.900	0.128	0.914
PARVG	TGFB1I1	9606.ENSP00000391583	9606.ENSP00000378332	0	0	0	0	0.110	0.052	0	0.539	0.577
PDLIM1	SH3RF3	9606.ENSP00000360305	9606.ENSP00000309186	0	0	0	0	0	0.071	0	0.412	0.430
PDLIM1	TGM2	9606.ENSP00000360305	9606.ENSP00000355330	0	0	0	0	0.135	0	0	0.468	0.520
PDLIM1	SDC4	9606.ENSP00000360305	9606.ENSP00000361818	0	0	0	0	0.049	0	0	0.437	0.441
PF4	SERPIND1	9606.ENSP00000296029	9606.ENSP00000215727	0	0	0	0	0	0	0	0.670	0.670
PF4	PF4V1	9606.ENSP00000296029	9606.ENSP00000226524	0	0	0.048	0.975	0.478	0	0.900	0.384	0.965
PF4	XCR1	9606.ENSP00000296029	9606.ENSP00000310405	0	0	0	0	0.044	0	0.650	0.220	0.716
PF4V1	SERPIND1	9606.ENSP00000226524	9606.ENSP00000215727	0	0	0	0	0	0	0	0.433	0.433
PF4V1	XCR1	9606.ENSP00000226524	9606.ENSP00000310405	0	0	0	0	0	0	0.650	0.085	0.666
PFDN5	RPL4	9606.ENSP00000447942	9606.ENSP00000311430	0	0	0	0	0.453	0	0	0.079	0.475
PFDN5	RUVBL1	9606.ENSP00000447942	9606.ENSP00000318297	0	0	0	0	0.430	0	0	0.337	0.606
PFDN5	STIP1	9606.ENSP00000447942	9606.ENSP00000351646	0.041	0	0	0	0.521	0	0	0.147	0.574
PFDN5	RPL12	9606.ENSP00000447942	9606.ENSP00000354739	0.106	0	0	0	0.500	0	0	0.146	0.585
PFDN5	RNF115	9606.ENSP00000447942	9606.ENSP00000463650	0	0	0	0	0	0.292	0	0.307	0.488
PFDN5	RPLP0	9606.ENSP00000447942	9606.ENSP00000449328	0.120	0	0	0	0.376	0	0	0.180	0.510
PFDN5	RPS17	9606.ENSP00000447942	9606.ENSP00000498019	0	0	0	0	0.596	0	0	0	0.596
PIGA	ZRSR2	9606.ENSP00000369820	9606.ENSP00000303015	0	0	0	0	0.101	0	0	0.405	0.442
PLA2G6	SH3BP5L	9606.ENSP00000333142	9606.ENSP00000355428	0	0	0	0	0.095	0	0	0.374	0.410
PLA2G6	TAZ	9606.ENSP00000333142	9606.ENSP00000469981	0	0	0	0	0.099	0.088	0	0.603	0.645
PLA2G6	TMEM189-UBE2V1	9606.ENSP00000333142	9606.ENSP00000344166	0	0	0	0	0	0	0.650	0	0.650
PLEKHA7	TSPAN33	9606.ENSP00000435389	9606.ENSP00000483872	0	0	0	0	0	0.477	0.720	0.446	0.911
PMPCA	UBAC1	9606.ENSP00000360782	9606.ENSP00000360821	0	0	0	0	0.146	0	0	0.401	0.467
PMPCA	PNPT1	9606.ENSP00000360782	9606.ENSP00000400646	0.095	0	0	0	0.153	0.625	0	0.120	0.713
PNPT1	RPL4	9606.ENSP00000400646	9606.ENSP00000311430	0	0	0	0	0.636	0	0	0.094	0.656
PNPT1	RPL12	9606.ENSP00000400646	9606.ENSP00000354739	0	0	0	0	0.390	0	0	0.081	0.416
PNPT1	TREX1	9606.ENSP00000400646	9606.ENSP00000486676	0	0	0	0	0.099	0	0.284	0.176	0.422
PNPT1	RPLP0	9606.ENSP00000400646	9606.ENSP00000449328	0.042	0	0	0	0.671	0	0	0	0.672
PPP1R13B	PPP1R26	9606.ENSP00000202556	9606.ENSP00000349274	0	0	0	0	0.064	0	0	0.461	0.474
PPP1R26	RB1CC1	9606.ENSP00000349274	9606.ENSP00000025008	0	0	0	0	0	0	0	0.428	0.428
PPP1R26	QARS1	9606.ENSP00000349274	9606.ENSP00000307567	0.059	0	0	0	0.309	0.406	0	0.155	0.630
PPP1R26	RPL4	9606.ENSP00000349274	9606.ENSP00000311430	0.070	0	0	0	0.531	0.452	0	0.166	0.773
PPP1R26	TPT1	9606.ENSP00000349274	9606.ENSP00000477781	0	0	0	0	0.320	0.135	0	0.166	0.466
PPP1R26	RPL12	9606.ENSP00000349274	9606.ENSP00000354739	0	0	0	0	0.401	0.406	0	0.155	0.673
PPP1R26	RPLP0	9606.ENSP00000349274	9606.ENSP00000449328	0.045	0	0	0	0.591	0.497	0	0.194	0.820
PPP1R26	RPS17	9606.ENSP00000349274	9606.ENSP00000498019	0	0	0	0	0.592	0.619	0	0.251	0.873
PROS1	SERPIND1	9606.ENSP00000377783	9606.ENSP00000215727	0	0	0	0	0.049	0	0	0.800	0.801
QARS1	RAD23A	9606.ENSP00000307567	9606.ENSP00000467024	0	0	0	0	0.146	0.290	0	0.116	0.417
QARS1	RPL12	9606.ENSP00000307567	9606.ENSP00000354739	0.057	0	0	0	0.369	0.406	0	0.155	0.661
QARS1	RPLP0	9606.ENSP00000307567	9606.ENSP00000449328	0	0	0	0	0.379	0.544	0	0.210	0.757
QARS1	RPL4	9606.ENSP00000307567	9606.ENSP00000311430	0.061	0	0	0	0.511	0.453	0	0.166	0.762
QARS1	RPS17	9606.ENSP00000307567	9606.ENSP00000498019	0	0	0	0	0.407	0.624	0	0.104	0.782
QARS1	SARS2	9606.ENSP00000307567	9606.ENSP00000472847	0	0	0	0	0.228	0	0	0.809	0.847
RAB6B	TMF1	9606.ENSP00000285208	9606.ENSP00000494067	0	0	0	0	0	0.136	0.500	0.657	0.839
RAD23A	XRCC1	9606.ENSP00000467024	9606.ENSP00000262887	0	0	0	0	0.056	0	0	0.434	0.443
RAD23A	UFD1	9606.ENSP00000467024	9606.ENSP00000263202	0	0	0	0	0.087	0.273	0	0.445	0.600
RAD23A	RPL4	9606.ENSP00000467024	9606.ENSP00000311430	0	0	0	0	0.130	0.302	0	0.099	0.405
RAD23A	RUVBL1	9606.ENSP00000467024	9606.ENSP00000318297	0	0	0	0	0.101	0.071	0.400	0	0.455
RAD23A	SLC24A3	9606.ENSP00000467024	9606.ENSP00000333519	0	0	0	0	0	0.406	0	0	0.406
RAD23A	STIP1	9606.ENSP00000467024	9606.ENSP00000351646	0	0	0	0	0.127	0.109	0	0.339	0.441
RAD23A	RPLP0	9606.ENSP00000467024	9606.ENSP00000449328	0	0	0	0	0.154	0.313	0	0.140	0.456
RAD23A	RNF115	9606.ENSP00000467024	9606.ENSP00000463650	0	0	0	0	0.075	0.361	0	0.209	0.492
RAD23A	TPT1	9606.ENSP00000467024	9606.ENSP00000477781	0	0	0	0	0.250	0.314	0	0.104	0.499
RAD23A	RPS17	9606.ENSP00000467024	9606.ENSP00000498019	0	0	0	0	0.241	0.419	0	0.093	0.565
RB1CC1	RRAGB	9606.ENSP00000025008	9606.ENSP00000262850	0	0	0	0	0.044	0	0.500	0.301	0.637
RBM10	XRCC1	9606.ENSP00000328848	9606.ENSP00000262887	0	0	0	0	0.410	0	0	0	0.410
RBM10	ZRSR2	9606.ENSP00000328848	9606.ENSP00000303015	0	0	0	0	0.253	0	0	0.426	0.553
REEP1	REEP2	9606.ENSP00000392197	9606.ENSP00000367590	0	0	0.060	0.957	0.080	0.784	0	0.128	0.815
RHEBL1	RRAGB	9606.ENSP00000301068	9606.ENSP00000262850	0	0	0	0	0	0.045	0	0.673	0.674
RNF123	UBAC1	9606.ENSP00000328287	9606.ENSP00000360821	0	0	0	0	0.192	0.869	0	0.992	0.999
RNF166	TRAF6	9606.ENSP00000326095	9606.ENSP00000433623	0	0	0	0	0.063	0.292	0	0.266	0.471
RPL12	RPL4	9606.ENSP00000354739	9606.ENSP00000311430	0.070	0	0	0	0.967	0.995	0	0.808	0.999
RPL12	RUVBL1	9606.ENSP00000354739	9606.ENSP00000318297	0	0	0	0	0.501	0	0	0	0.501
RPL12	TUBB	9606.ENSP00000354739	9606.ENSP00000339001	0	0	0	0	0.083	0.800	0	0.146	0.829
RPL12	TPT1	9606.ENSP00000354739	9606.ENSP00000477781	0	0	0	0	0.763	0.331	0	0.255	0.871
RPL12	RPLP0	9606.ENSP00000354739	9606.ENSP00000449328	0.086	0	0	0	0.980	0.993	0	0.823	0.999
RPL12	RPS17	9606.ENSP00000354739	9606.ENSP00000498019	0	0	0	0	0.962	0.992	0	0.618	0.999
RPL4	RUVBL1	9606.ENSP00000311430	9606.ENSP00000318297	0	0	0	0	0.486	0.091	0	0.092	0.538
RPL4	TUBB	9606.ENSP00000311430	9606.ENSP00000339001	0	0	0	0	0.127	0.800	0	0.224	0.852
RPL4	TPT1	9606.ENSP00000311430	9606.ENSP00000477781	0	0	0	0	0.804	0.331	0	0.155	0.880
RPL4	RPLP0	9606.ENSP00000311430	9606.ENSP00000449328	0.102	0	0	0	0.999	0.995	0	0.868	0.999
RPL4	RPS17	9606.ENSP00000311430	9606.ENSP00000498019	0	0	0	0	0.972	0.994	0	0.590	0.999
RPLP0	RUVBL1	9606.ENSP00000449328	9606.ENSP00000318297	0	0	0	0	0.478	0.095	0	0.074	0.525
RPLP0	TUBB	9606.ENSP00000449328	9606.ENSP00000339001	0	0	0	0	0.219	0.800	0	0.255	0.873
RPLP0	TPT1	9606.ENSP00000449328	9606.ENSP00000477781	0	0	0	0	0.938	0.451	0	0.321	0.975
RPLP0	RPS17	9606.ENSP00000449328	9606.ENSP00000498019	0	0	0	0	0.967	0.992	0	0.486	0.999
RPS17	TPT1	9606.ENSP00000498019	9606.ENSP00000477781	0	0	0	0	0.741	0.126	0	0.133	0.787
RSAD2	UBAC1	9606.ENSP00000371471	9606.ENSP00000360821	0	0	0	0	0	0.453	0	0	0.453
RSAD2	TNFSF13B	9606.ENSP00000371471	9606.ENSP00000365048	0	0	0	0	0.330	0	0	0.231	0.463
RSAD2	TRIM22	9606.ENSP00000371471	9606.ENSP00000369299	0	0	0	0	0.433	0	0	0.476	0.690
RSAD2	TRAF6	9606.ENSP00000371471	9606.ENSP00000433623	0	0	0	0	0.047	0.630	0	0.873	0.951
RUVBL1	STUB1	9606.ENSP00000318297	9606.ENSP00000219548	0	0	0	0	0.108	0	0.540	0.231	0.657
RUVBL1	SPAG1	9606.ENSP00000318297	9606.ENSP00000373450	0	0	0	0	0.095	0.149	0.540	0.450	0.779
RUVBL1	STIP1	9606.ENSP00000318297	9606.ENSP00000351646	0	0	0	0	0.371	0.132	0.540	0.231	0.781
SDC4	TGM2	9606.ENSP00000361818	9606.ENSP00000355330	0	0	0	0	0.102	0	0	0.650	0.672
SERPIND1	VAT1L	9606.ENSP00000215727	9606.ENSP00000303129	0	0	0	0	0.107	0.421	0	0	0.460
SIGLEC15	SIGLEC9	9606.ENSP00000374125	9606.ENSP00000413861	0	0	0	0	0.045	0.126	0	0.539	0.581
SLC38A2	SLC6A12	9606.ENSP00000256689	9606.ENSP00000399136	0	0	0	0	0.064	0	0	0.427	0.440
SMAD1	STUB1	9606.ENSP00000305769	9606.ENSP00000219548	0	0	0	0	0.057	0.729	0	0.053	0.736
SPAG1	STUB1	9606.ENSP00000373450	9606.ENSP00000219548	0	0	0	0.598	0.047	0.050	0.540	0.049	0.550
SPAG1	STIP1	9606.ENSP00000373450	9606.ENSP00000351646	0	0	0	0.580	0.067	0.053	0.540	0.098	0.584
SSTR4	UTS2	9606.ENSP00000255008	9606.ENSP00000054668	0	0	0	0	0	0	0	0.726	0.726
STIP1	STUB1	9606.ENSP00000351646	9606.ENSP00000219548	0	0	0	0.599	0.097	0.050	0.540	0.503	0.777
STUB1	TMEM189-UBE2V1	9606.ENSP00000219548	9606.ENSP00000344166	0	0	0	0	0.074	0.800	0	0.072	0.813
STUB1	TRAF6	9606.ENSP00000219548	9606.ENSP00000433623	0	0	0	0	0	0.634	0	0.637	0.861
SVIP	UFD1	9606.ENSP00000346130	9606.ENSP00000263202	0	0	0	0	0.047	0.287	0	0.509	0.637
SYNE2	TMEM38A	9606.ENSP00000350719	9606.ENSP00000187762	0	0	0	0	0	0	0	0.400	0.400
TBC1D25	WDR13	9606.ENSP00000365962	9606.ENSP00000365919	0	0	0	0	0.117	0	0	0.613	0.644
TMEM158	TMEM98	9606.ENSP00000422431	9606.ENSP00000463245	0	0	0	0	0.044	0	0	0.420	0.422
TMEM176A	TMEM98	9606.ENSP00000417626	9606.ENSP00000463245	0	0	0	0	0.042	0	0	0.495	0.496
TMEM38A	TNNC2	9606.ENSP00000187762	9606.ENSP00000361636	0	0	0	0	0.127	0	0	0.369	0.426
TMEM98	TSPAN11	9606.ENSP00000463245	9606.ENSP00000261177	0	0	0	0	0.084	0	0	0.475	0.498
TMOD1	TNNC2	9606.ENSP00000259365	9606.ENSP00000361636	0	0	0	0	0.124	0	0.500	0.210	0.624
TNFSF13B	TRIM22	9606.ENSP00000365048	9606.ENSP00000369299	0	0	0	0	0.338	0	0	0.143	0.408
TNFSF13B	TRAF6	9606.ENSP00000365048	9606.ENSP00000433623	0	0	0	0	0.113	0.069	0	0.400	0.461
TPT1	TUBB	9606.ENSP00000477781	9606.ENSP00000339001	0	0	0	0	0.112	0.292	0	0.213	0.462
VPS37B	VPS37D	9606.ENSP00000267202	9606.ENSP00000320416	0	0	0	0.787	0	0	0.900	0.156	0.911
ZKSCAN2	ZNF263	9606.ENSP00000331626	9606.ENSP00000219069	0	0	0.104	0.729	0.092	0	0	0.462	0.524
